game_id,youtube_id,label
10,8HBkcNBjpho,F
10,BiEca1uEtXg,F
10,sYlPBTJty_I,T
10,4dbKFcm2_s0,F
10,zwDij0cFQ0A,T
10,DvfQDI3bP5E,T
10,ns3KBwiPIVI,T
10,ssfnaOi9GEU,T
10,dAniW6d6sbM,T
10,AoeIYTOAX6E,T
10,LQcFAFzJ9gk,T
10,MPrWCN4xl8Q,T
10,N1R4Z6KKWtE,T
10,_C6LjniY3ZE,T
10,cTKsYyXaTZI,T
10,17L6CW7Ceu4,T
10,GxrgiomwcqQ,T
10,qXp1KaKL-bg,T
10,DiNYpErDAXo,T
10,2k9XCxkU72A,T
10,7ycN0kAUKuo,F
10,pv2YgpZ2kKI,T
10,cSrXytk7AOA,T
10,X850s1khrSk,T
10,mh9k0EVjCFQ,T
10,asQ9-ifV4qo,T
10,lAKMOnVJxzE,T
10,25OSDhurDwo,T
10,AotHlCCzSUw,F
10,CeiT91xef08,T
10,ogWV0UWuxc8,T
10,Knk6ZMkposg,T
10,PihyrMjnZg0,T
10,_U0eph2DMig,T
10,7cNYOrNHh2k,T
10,7zG_ifyoHQ0,T
10,wljj-Ohj_ak,T
10,MOX55tN1FOM,T
10,Pjs6_xBxrZ8,F
10,5uW9kebTgIA,T
10,lAO-9x4RxtY,T
10,9-4k5szsk0k,T
10,o73ne1BM_DA,T
10,ZtppoDEKEfc,T
10,nkISqABiSN4,T
10,A84r2qffk9c,T
10,KOfzEW9bkJk,T
10,tvKqMKSBB00,T
10,BCljEZzwSMQ,T
10,qq1M9FPiQco,T
10,YCbGyXsKaFc,T
10,9NI5ElqZRg0,T
10,RdfQk8A-ZEs,T
10,aRjYu0yxnjo,T
10,8PhdT3SorEg,T
10,9PLdaoIU3bI,T
10,DVCHkfUTFVQ,T
10,L_ijLCY22AE,F
10,ZsRDqsh7U18,T
10,HBsl-9TieZo,T
10,7NlLz8r3Pvs,T
10,8ESQtRfhwhI,T
10,q8mU5JlvNnM,T
10,gczME5Qf8lQ,T
10,IxkUPzhwzfo,T
10,Ymxj9QMrMvc,T
10,SfZaG9e5RVc,T
10,iwus35KAOGg,T
10,NploqoNaUU0,T
10,l8zL1T0cK3Y,T
10,o_Xg9-YyaKY,T
10,HgR2ECfhBn8,T
10,RLHgFMtUA7Y,F
10,WSaFp0-aK40,T
10,KZ6OLQoSx6Q,T
10,C32tVGHfU8Y,T
10,E1Kq55R55zg,T
10,XtoMPeDBE3g,T
10,dm-tjS0-mV0,T
10,UI8TfIRL3Z8,T
10,XJwjDe0cAW4,T
10,4XXO5cBRvac,T
10,AhqP6HV6TWs,T
10,1BfzlOKjkr8,T
10,zwuWUqem0zA,T
10,1mHVTuvFzOc,T
10,xDXvZm00Orc,T
10,3ExK9d6jU0k,T
10,Xv2r005U_Ho,F
10,ZQAFAQQVNM8,T
10,nu7-frgGQvo,T
10,QvpHegYA2_g,T
10,Tp1t-GtlZzI,T
10,5YEv6X86IVE,F
10,_qx8g9bzi1M,T
10,Jv29qa-NzNA,T
10,9xRLtpj9EEo,T
10,bp98TryToM4,T
10,12sJhTQQHqs,F
240,owFTiyUGy5I,T
240,RG78hWtY5Mo,F
240,mEOifiUQFRo,T
240,TNJVJajNJd0,F
240,wlWGqgSacSk,T
240,Syc7FdrA2Dc,T
240,0LLo7mNlr5w,T
240,KsQTFhg7lPE,T
240,eKmSNsWauUA,T
240,iyzmxQdSJUw,T
240,5YmgnAPO7Q8,T
240,PJODePHjz70,T
240,l24mq8x-p9A,T
240,zprACJT6Z0I,T
240,5N2m5omAgHw,T
240,XWLprQDkMI4,T
240,IYw2w4v6RLw,F
240,8kK33a2RdJ4,T
240,pHDnXtPFdWc,T
240,86Sz5s4NgQY,T
240,e1ujTKahlvU,T
240,zuM-qf064EE,T
240,RgfsYqyTYRw,T
240,8-a-WrMVdzU,T
240,5qn9ESekSjE,T
240,V8Ll0FQ-i2I,T
240,5EnEezPXo9U,T
240,FuhmKldyXQg,F
240,Hzqix07XY4c,F
240,wEkXyilsgUg,T
240,_N5kJINKxK4,T
240,Dk3-G1h-dNM,T
240,0XwXgb6bEhQ,T
240,5u1o5Mo0zLQ,T
240,OWI9vtorHYo,T
240,d4BZ4HKtySM,T
240,KgK_u-l-AKU,F
240,KGNa9_BGkuI,T
240,Qn8L7OSqRJk,F
240,2J77o-PxGvU,T
240,einpLYeJ_uQ,T
240,9TWbulnsCWY,T
240,2k6w3mlXUDQ,F
240,rnxgpyubtPI,T
240,hwsFyAlEW9Y,T
240,VemBCGMaJo8,F
240,PbFmJ2zhn_U,T
240,4yWSdxNe-Rs,T
240,1in3K4_Xc28,T
240,tETYtk7AiS4,T
240,_jnjzST9NFk,T
240,UYMI-Qmkj2Y,T
240,SCxTKGDbuoE,T
240,d_HBEeq2hdI,T
240,b-3pCLiwhVs,T
240,y8OHFS8ReuQ,T
240,JixkJiyTM1I,T
240,6KL9N79lW0A,T
240,ruch_8_2dgo,T
240,3B9JAFVesIA,F
240,nEe7vb8KXto,T
240,kfFtlaQCdY4,F
240,bo4kwsequyY,T
240,bWNYXEluvQU,T
240,Qqmtq-mBXeE,T
240,4qM9L_fsw10,T
240,syBVNaCrDZI,T
240,yjaFB4Us2FU,F
240,aUMOafh27s0,T
240,rFoHix6A3hY,T
240,BmcrvEaqIls,T
240,H5wioRc-nf0,T
240,Oh-UCpN9X50,T
240,VoU8ZmYcwRA,T
240,Lvh3eZZY1Us,F
240,LDlYYdQ7g8A,T
240,JvR-qAK3WSI,T
240,XLji6X_T_1s,T
240,6V2Trx6bOiM,F
240,jz7F36TGnN8,T
240,5JOi-G85hIo,F
240,qFppHdFsEZ0,F
240,0VlyOWsl6UU,T
240,1GSjXFs_uYc,T
240,LElItH3_R6s,T
240,NtFunhA-SHw,F
240,NR_zBk8zNaU,F
240,zvlsFQQcmCQ,T
240,1gGYbFZgOwM,T
240,Xee3ZWYgz0U,F
240,GdKDd4s1IKo,F
240,QimqcD5Ml3E,F
240,RMaV4gjkiIc,F
240,yxP5dG2-8P0,F
240,xdhJFMqDpLQ,F
240,xmLH_9XsGuE,F
240,iNycVfVzDbw,F
240,G7jqWJUPDBE,F
240,wjXoplzHgc8,T
240,h5Fg2ZBIlys,F
570,YVIkiXtVzUE,T
570,oqTmf9KSaOM,T
570,O87TEEy99oc,T
570,XURXLTPhajY,T
570,8oSCKD5GCq0,T
570,fcYDGV0Y6PA,T
570,zbz_8PUjSOc,T
570,szRtgzWOtJU,T
570,937YZjPaAvw,T
570,mrR6LKefA6I,T
570,jb0S8VLqvgQ,T
570,7KDsyGDwi9A,T
570,aPPJ23zKL1M,T
570,_BnA-GO-8WM,T
570,7yfczucTOoI,T
570,17zpkCOP9wE,T
570,r4LjnF8sM7I,T
570,Gx2P5RYgf-8,T
570,xL7SaQN8kZo,T
570,2RT3NIWesvU,F
570,8djoixGA6Kw,T
570,F1dxdn4efis,T
570,pCMJ1DYP7B0,F
570,di4eo4kGZyQ,T
570,JOCZ-woFF78,T
570,cwxdC3eweCE,T
570,MfEMEviloAo,T
570,tcgUniHXKFU,T
570,Q3CGVHDpFJ8,T
570,XAo8uDKBQg0,T
570,j9242HrOs34,T
570,LjMESt67kE8,T
570,dzAvHrfGZhI,T
570,0dyS2NtphXs,T
570,bZAAReSiYFM,T
570,TSMj3IOp1fc,T
570,dD1D17NJ5Jw,T
570,qHCX2wvzK6g,T
570,n4b62oKZrS8,T
570,G2guwPtB1dA,T
570,fHhJP8Jf5J0,T
570,z1qyvk7cDtg,T
570,fI3rEvLM68M,T
570,9cF3Z6MUCuw,T
570,PvXFC2hQ4PI,T
570,vX3syfieBAQ,T
570,tCykT5kDNRc,T
570,VgL55O3Z5Ck,T
570,6fWb7vINad4,T
570,qCbYs3FAbaM,T
570,6Bj8Vdgdh2g,T
570,f-3LKppgz7Y,T
570,0wCJLn67XfU,T
570,FwdwW_z_aqY,T
570,61TD07xCAHE,T
570,BlTRZsmqV5A,T
570,SEBpLettHMo,T
570,3lJhEBwkcko,F
570,IlyCRTvXJwQ,T
570,pRzvVddOiSU,T
570,Y3BeSNWOnU8,T
570,ReCJBTyvRkQ,T
570,H5ZGrtj0vlI,F
570,vDHGQ4Hv_KQ,T
570,Z9fFLUc1ldE,T
570,lVwa3DPGJVY,T
570,d3kFRQbE-oU,T
570,bgk-JuDmKow,T
570,Db5Cs64YTfE,T
570,ET79YVBTKlE,T
570,oanDOucUBq4,T
570,k234uydGdFg,T
570,4aszYQbMbVY,T
570,KYSUJ6oEpE8,T
570,2CRqv_GJAbI,T
570,4j9jYMEywxk,T
570,HglY0KdBO48,T
570,0MhxphY8XFQ,T
570,9rrrZQFELfU,T
570,gjIvf0WsUMA,T
570,EG0cj1a4WwM,F
570,xwffOu1RHyE,T
570,d3rg1EGkItE,T
570,1AgpCtMhdAI,T
570,JUVgB2Ntr2Q,T
570,WwohHbMSHoc,T
570,0MdgQUnbFrA,F
570,eNOLQnaPV8E,T
570,d3O-_iKhMOU,T
570,MrM8Ux4Gp_Y,T
570,6AVaEv8GmkQ,T
570,Ax-iyYcl3f0,T
570,qshVnTbipiY,T
570,gNGZtZHIRY4,T
570,3uCL8AF2UWI,T
570,i1qP_LnC1RM,T
570,u6aHTSknUIw,F
570,vtkPAv-fR3w,T
570,3yMq7EHfDQQ,T
570,DuY9RJXyklE,T
730,Ftp1-Xqx2b4,T
730,GDCNnEeGAY4,F
730,PPF4kZGl9cs,T
730,1-SzcqlCHyI,T
730,w1TShJd-GAw,T
730,tT8cnfV1N3E,T
730,eETov7OX7aE,T
730,cgKDsOOuNOQ,T
730,KDjukeRjs7M,T
730,uAO9sxjzNWs,T
730,Qw5kTXhnT5I,T
730,vCdDzKm2c20,F
730,inxTeTmvizA,T
730,ufZMwvWazgc,T
730,2d1Pg-O1NQY,T
730,K_ykFddyEhI,T
730,RluBDBNdNwY,T
730,Gk-clOdbeOI,F
730,avbqlpNI8Go,T
730,qGhsT9169lU,F
730,wZyETFSTtw8,T
730,2fmtMbC8ZY4,T
730,T88EQJLIr6E,T
730,O6qwXhl_OIc,T
730,DVJQsJ69_-Q,T
730,3A3ybRzAqvo,F
730,z5FTWVG7a9o,T
730,BlPu1MLP3II,T
730,8QJZdSiD8vU,F
730,vcCMF67Il7c,T
730,upFp1FSG60g,T
730,UeT3FCVH1dI,T
730,g2YxQNTepA0,T
730,JbSJ5g5jfcA,F
730,d7sicvP4c70,T
730,hsrYnVnAncI,T
730,GGqYo4yMneY,T
730,YeVRh0g4Hsw,T
730,nlJ59dfuUNI,T
730,1BGpgmsSUxQ,T
730,f6UAzvDrxiY,T
730,46Iok7n60uE,T
730,4UtaBHEaYjk,T
730,YlP-LoBfti0,T
730,4jXC4keq090,T
730,M2uvoecA0kQ,T
730,WL-lufRuflI,T
730,YjYLbD5yrnk,T
730,O6o_8e4xXfk,T
730,Ea920HIEXD4,T
730,nrJ-0kzfMl0,F
730,4FMV166xcYM,T
730,xwO5-z5Dmps,F
730,Oac_JK88IdY,T
730,tmSvWX-u9Qg,F
730,_m1iCYIbcqQ,T
730,taXtERld2BI,T
730,fYPwXkZOPpM,T
730,d7SyPpIt4S0,T
730,X7P2npYFbzA,T
730,7txXUd7NoSg,T
730,sc2iQ68Lu14,T
730,6ZkxHINUMkw,T
730,bXrxQJuSNxQ,T
730,V12TAsOnAQg,T
730,UIl3BR336JY,T
730,eH9ktqnU20Q,T
730,VDiWzzBDynk,T
730,wqwq4jD2ggs,T
730,7Z7_lJIhiR8,F
730,2f4g31mk1Vw,F
730,tx1BaftKFx4,T
730,r_JMmZcxBVQ,T
730,x4pnatcl9O0,T
730,OcJvVWLO3TI,T
730,ikWEfnKI5k8,T
730,JxJ9EriZKUQ,T
730,YhqCfN3xj2Q,T
730,6MI-Lu_lwqQ,T
730,9N8Kms7M91Y,F
730,e7ryKgy2wKo,T
730,JSghgxG3Lmk,T
730,ZmJJAcBXhyg,F
730,9KU6NUQFxBw,T
730,f_sofPUoZ5Q,F
730,b99q11drwNg,T
730,tAe0GTfbpFU,T
730,k-F-gLnYFs4,F
730,LDylM5pQtC8,T
730,7S5ax7Dw7HY,T
730,YP54pJ3VatY,T
730,_bY61qTTFD4,T
730,SN1G28DdIdQ,T
730,7Dm4guzNXvI,T
730,K29tlaSn3bc,T
730,FVwdlUUj12E,T
730,wpW71W5yUt4,T
730,ZiTS7SO6Q7w,F
730,jmEeBE1YUEk,T
730,TGoV_QyDWNQ,T
730,1a8sddS2aKc,T
730,rBqhswUTQww,T
4000,hb84BHCF6tM,T
4000,GxmcMLA9Kvc,T
4000,5tqwCq7pI6Y,T
4000,l3bAL44SGT0,T
4000,_6HrR7p3nA8,T
4000,b61OGLmnQbE,T
4000,WLpP9V9nhPA,T
4000,EMAM9sQm2yQ,F
4000,yerudF-1vxQ,F
4000,6NHjB4i9p7U,T
4000,ENMq0RvH_Pk,F
4000,peFQ0tuKX1g,T
4000,pL44zpZtAIE,T
4000,3rHwwBER66g,T
4000,ch3xDI149Ek,T
4000,qU2LZ3T6rU0,T
4000,pK3Qg1dQ8OA,T
4000,o5Om6rffeVg,T
4000,JVegavnUG6Q,F
4000,CMphjH0Npf0,F
4000,fTUgVihRGnE,T
4000,0Dl0TZA-A5U,T
4000,xVrLIMjhYNk,T
4000,e4vc7X4F7pU,T
4000,-6es1yfkpKE,T
4000,eJzpbSkVSF8,T
4000,9KpzW52QVto,F
4000,ONCPKO38Lxo,T
4000,JhvpFo60nkE,T
4000,JPln58yPEgc,T
4000,XfUwpdhUJZM,F
4000,FKRUoeLNHWg,F
4000,kq26xF_8Sng,T
4000,OPhk6Bs5PeQ,T
4000,L5OIwuVnF2E,F
4000,WKCOAvLvRZA,T
4000,oDmIQCpk4kA,T
4000,bOixYN8yKjk,T
4000,c8Yc2mIhpmw,T
4000,MwXWdhLdRyA,T
4000,3sJPd87UJXo,T
4000,no3zosmvEls,T
4000,j6LX5MyqUtA,T
4000,2WxH0Rovsts,T
4000,EJPkvKuinuw,T
4000,NLFexKQvHlE,T
4000,Am2u3xq2CPM,F
4000,yUu67Wr1MPg,T
4000,rkSoReLHaEM,T
4000,VFqy0g4LZ4c,T
4000,37bnU0kbETw,T
4000,CwZjPNXQERI,T
4000,KUOkviuj0uQ,T
4000,GqMFu79LXes,T
4000,Ub_DAdZiuok,T
4000,SOYXHEvx5q4,T
4000,12LW75YqkFk,T
4000,giUTH3MjMls,T
4000,a__iqClEhz4,F
4000,pyk6SQqz0w8,T
4000,RG_3rUm5LyU,F
4000,MOyD0jL8bpM,T
4000,Wi7hl-6h5Xs,T
4000,Bm18M4rKOXg,T
4000,XwJq4hXaABA,T
4000,UFd_GTSTtH0,T
4000,3t8g5UGvLJI,F
4000,QsXFbBNpPa0,T
4000,ZU4768E7sAA,T
4000,6sua2f6id3s,T
4000,wKln9XzvZ-4,T
4000,7h08k2Fkv1g,T
4000,2k6w3mlXUDQ,F
4000,3nmTzPK72R0,F
4000,VlYCIRKn3S0,T
4000,oLSaT5dU7ek,F
4000,5869wxs9NFc,T
4000,rlfFkFnDLKw,T
4000,O4Mpp4Mi9Mg,F
4000,SnDrjGZK6tA,T
4000,cWPR0BWPl2g,F
4000,6bY3DXGT8ZE,F
4000,Nl4qz2Vdpl8,T
4000,a0KROAvw25g,T
4000,NZOKBh9XEck,F
4000,k-JY1JjzUuw,F
4000,npDE2kvAOrw,T
4000,b4dGWNROdUk,T
4000,T3sZodgFgX4,T
4000,sHv2rnGu2-I,F
4000,wmgAalpxRro,T
4000,TDi2J-Dxz6w,T
4000,ld6SoPdVF78,F
4000,9KTFxbgiS0E,F
4000,2xbsPb32QuU,T
4000,pcyYvV90xWc,F
4000,Enoto69S4p8,T
4000,2Sw2_Uo9CkY,T
4000,knVuyARwb7c,T
4000,d4rOox1jfKc,F
107410,2mFeMwJsfQA,T
107410,vJIYQd6It3U,T
107410,vbgs02YUrTE,T
107410,zh668r-weX8,T
107410,F3iG0LSlWTc,T
107410,g6TRerSNenk,T
107410,5PuvncFlJsA,T
107410,OMvVaEEbJ5Y,T
107410,medQiCV3BiE,T
107410,tmAk_5VReKU,T
107410,T7B3FY7SSdk,T
107410,W8OK8MQEyN0,T
107410,XmOaPHaXDwA,T
107410,NKw7tm7MXh0,T
107410,AqfQKM9KEn8,T
107410,QeBMgsdXTT4,T
107410,yGoIjopOVog,T
107410,dTxdz-1dNNA,T
107410,uosj1lgZ3G4,T
107410,P7pEDrcjW0A,T
107410,52UB9ihBZ5w,T
107410,jmCxn1u0whw,T
107410,MZ0NqcHqqTQ,T
107410,BRLZyjMqcXw,T
107410,d7NE6M31SMI,T
107410,DsHlMft6FW0,T
107410,eOgZfldOD4w,T
107410,GzuHt_CgFoQ,T
107410,SWtZhyUEtvc,T
107410,r4Ig1GBEg9o,T
107410,PlQrulbrek0,T
107410,ju93hmCCttw,T
107410,0GRD2MImDJE,T
107410,1THKsSFjWqU,T
107410,WOR02pbzI9Q,T
107410,_Jq2_2J2Dm8,T
107410,2tnkON3GPnE,T
107410,YrqWCYJi0Ec,T
107410,mSHPFhklJlc,T
107410,0cxAyPL0OU0,T
107410,Sij23gLdbb0,T
107410,Ynk0KM6IOpc,T
107410,THt_XmZ8XYg,T
107410,HAnx-znHohU,T
107410,2Y_k920qMSE,T
107410,GePxAK4yDa0,F
107410,Os8jv0roV_E,F
107410,CUyWHT4lszk,T
107410,yGxsxucomdI,T
107410,XrpjyuHYJwg,T
107410,aEc3pzKmS4w,T
107410,0Ut31Ds5708,T
107410,9cTrEWpgx6I,T
107410,_jqgltSzNrE,F
107410,9ei8wIxzEvM,T
107410,x_xJ5hTwUCg,T
107410,XISk5NN0Z8k,T
107410,QD-NoXyBv2c,T
107410,ecDpEtAVWLM,T
107410,CElFLUTgM5A,T
107410,pbIyoM7IXFc,T
107410,bOyzg9eU0ic,T
107410,ZDoCbboJ-1c,T
107410,Vi2mfpDZ1GU,T
107410,b8ZIvc8otr8,T
107410,7kxGgC_CSSE,T
107410,YF6s0UDDyG0,T
107410,T-LYg9kXv_Q,T
107410,fPiLf2xcdvY,F
107410,XxC4Sd5Axvo,T
107410,HiUdSL9d4xM,T
107410,z5nuLteZbYw,T
107410,MNmXpdPIPXM,T
107410,a88qof30Ba0,T
107410,v1FGZ4ocqWE,T
107410,ale8JK5qyis,T
107410,mbWtj7LHMUY,T
107410,YJ6bl6plFaM,T
107410,tx6zw_K4cUE,T
107410,xRW33v2oE_U,T
107410,c3IPr5jsDmk,T
107410,Bx8yjeX5uyE,T
107410,FdpFmQoatu0,T
107410,JUhq_hLxEUo,T
107410,9aiTp_P-vP8,T
107410,DTRUea7Izkk,T
107410,rwvFM6m2rS8,T
107410,q9Ozxkg19vk,F
107410,BR4fHvJsIS0,T
107410,CdOA9kTEubY,T
107410,QGkKjC2LFBM,T
107410,WDoIId19h8w,T
107410,jvho8QQjRxo,F
107410,muYgGlS5h8c,T
107410,SqorZGYtCaI,T
107410,T1ILnZMRUGQ,T
107410,vWEs3o3VjFs,F
107410,UDXxTALcIqQ,T
107410,0mDRbvgZcg0,T
107410,x5qoIciTKbo,T
221100,EoiPvwc8-tY,T
221100,qHnVas98xMY,T
221100,96uOkj-oDNg,T
221100,mN8jvgqW6No,T
221100,9h6pjiyAef0,T
221100,mF0TxZRZCTU,T
221100,5Xt_QGs5eqc,T
221100,uQmo5k6h2Dw,T
221100,IwutMsdT0Jo,T
221100,rkhVhLbWE8g,T
221100,UNIJ-BL8Bt0,T
221100,gCQbSXusxk8,T
221100,VdNFToX5ZVk,T
221100,xaFTWyFTcdY,T
221100,J01yRNmXx1A,T
221100,YcP1pKU8wnU,T
221100,EBr3D5ICKsk,T
221100,qyJzY2BZnWY,T
221100,ij3ilKyHP0E,T
221100,Uomzch8h6fs,T
221100,4nB5iKQd-dk,T
221100,7LWn4tfbCJQ,T
221100,EqBEqc2m04k,T
221100,1rS4qPvZl3Q,T
221100,G3yXMwaRxyU,T
221100,JbJ603cuscE,T
221100,Y5FAp73kF_8,T
221100,Fs4PLViwLcU,T
221100,RsIF5CvxZoc,T
221100,fB0ESo4SLy4,T
221100,L84VJYipC_k,T
221100,uY1A908MXaw,T
221100,2tzRQF-_A68,T
221100,NF-nJdSeblQ,T
221100,YCABjcaQ-Qo,T
221100,hKcWef5pjWc,T
221100,A3OKcW8FSTI,T
221100,Ji6S3u77qFA,T
221100,El2F5aMn3Lw,T
221100,LVW3F7hoOuM,T
221100,V4_2-AIz9WU,T
221100,0sElX27mysg,T
221100,Ij2v9uD-EvM,T
221100,koYGMZgasVA,T
221100,zX2eTsgBT48,T
221100,sjPWTtkK5xA,T
221100,Rln3xAahNVE,T
221100,TsW4Y4ML0HI,T
221100,ui2n6LFyFp4,T
221100,q4pac5gZbqA,T
221100,_suQEJvXaI8,T
221100,b0A_db-UOto,T
221100,rFooPCCvAvY,T
221100,wampa3Pa87Q,T
221100,U7L4nVb9yZ0,T
221100,NNn_zZWEVrU,T
221100,WGGLM1ZRUBQ,T
221100,0SZKbY4Fzss,T
221100,EYtre0GtHgw,T
221100,0B3id5ihUaA,T
221100,RE6-IqatdQM,T
221100,Bv9TzRAdayM,T
221100,OSOGIYvlZCw,T
221100,aLZi0BksPMc,T
221100,U_1kFTIf48o,T
221100,1e0GoHMtOk0,T
221100,IRR22AI9kjQ,T
221100,wOaMuytyDhw,T
221100,UYdLJCS5zaA,T
221100,tcvIhCCgq4U,T
221100,QhAGVEqYt-U,T
221100,jzEgkOzzX8Y,T
221100,TaEJvEDwBNI,T
221100,I1a4yNZf5Ak,T
221100,MDsZBAaDQFc,T
221100,kbJ438wwo5Y,T
221100,oENDz5JxRPw,F
221100,1AmP1RO_9KQ,T
221100,Ffg324OVTN8,T
221100,tt-t8aY2tBE,T
221100,Elktg0EcAUo,T
221100,gDteWEjPkPk,T
221100,pzlf5Mjfw6g,T
221100,UubT54Or07U,T
221100,oh1MPv17DP8,T
221100,avFCFrf3tsk,T
221100,MxaSPUjoax4,T
221100,LZZXe4FN3Bg,T
221100,NHH5RCAikdo,T
221100,E86zOKaTHE0,T
221100,_crQpSh9Wpo,T
221100,QI5mil2iAqc,T
221100,3xQPqbTAu-4,T
221100,k4v8VC4Vvws,T
221100,rjH0Aad6tJA,T
221100,7RTVY8TsrjM,T
221100,9_Ropw0dviQ,T
221100,wlYEJSsYSd8,T
221100,mfd-Au6GxmQ,T
221100,e_54yywNjTU,T
252950,SJNBccuN3gE,T
252950,H4xaTM3Isrk,T
252950,mX8zLYN4BDM,T
252950,QVCxbH9Azmw,T
252950,T6UpByd3xSs,T
252950,va5ZaPOUsEs,T
252950,bJ7dPFmR-QM,T
252950,chNex5mOxOo,T
252950,mJ32OYgdG8M,T
252950,zWWuwGhTXWM,T
252950,ZiPKFRG7UQ8,T
252950,URtYnAQ92_8,T
252950,TgYqsiYJrdg,T
252950,TudvWUVL8Cw,T
252950,5b5jRxnbWKo,T
252950,bHoKB_x7sTU,T
252950,72zP26OidcA,T
252950,NceZsiPsmHY,T
252950,j7QpNy0fNbY,T
252950,g5GptDon5og,T
252950,8DEIpbBhUMs,T
252950,lZ1jqJoj-xA,T
252950,AUBSc7Yl-1w,T
252950,eyJLyjBFZ_Q,T
252950,1ouyfuf7aEc,T
252950,p_Jbi33F0zc,T
252950,gyc5taV0mDE,T
252950,pj_lTc9GbCw,T
252950,3tHcgir8sYM,T
252950,yKbkENsP05o,T
252950,gb7jTfClnb8,T
252950,ndHOxlM3kus,T
252950,ezVXEW7b8w0,T
252950,5lXNmmwV2-A,T
252950,sE5uFTIrIHo,T
252950,ScJU92YeJqQ,F
252950,phhk4ivBync,T
252950,zVBAMb9omhU,T
252950,__M92QUS1gY,T
252950,AQRygnzKWeY,F
252950,9vCy81rVZZE,T
252950,WGmr_SVlPmI,T
252950,TuKQYQWeXkg,T
252950,IVuf4bRUltQ,T
252950,twSupWPqjFw,F
252950,pcdsEQrl8sc,F
252950,hqjdN-HhXSk,T
252950,IOCWAMpZN-o,T
252950,bGbbQ6oal1I,F
252950,Z7Ho85EVGxo,F
252950,64AasfJVTPA,F
252950,IFaTqvqKlks,F
252950,f8LvpsXQn_k,T
252950,Mk3eVUh3MV4,F
252950,KRiG6Zhk2NQ,F
252950,KVdVo2P0Fno,F
252950,zruNqQNwUsg,F
252950,obiZ0J9F3Pk,T
252950,jmIa4Yxno2s,F
252950,mEcNIjtO3s4,F
252950,YdhVNaWw8PY,F
252950,UMGA1r_u-Ww,F
252950,6A5ehCIPU-M,T
252950,93zFuxFEbYQ,T
252950,ckK5kFLWnYM,F
252950,trn58VPyZjw,T
252950,1wQlfohGYm8,T
252950,9yNCMITHtL4,T
252950,z_zDTVm-fT4,T
252950,cQxKgoo3liQ,F
252950,KBYicJFDaF4,F
252950,GnpDKGEmu1c,F
252950,UGEfwEbdiXA,T
252950,XrAqMlV3tRQ,F
252950,T1BRYpVGm4U,T
252950,IjzWKKAPWns,F
252950,KT9pZG2vr1E,F
252950,NTRVwHNn1bo,F
252950,cvXCkzQqgz0,F
252950,IWP5o1rp-qQ,T
252950,h3siSNz0UeU,F
252950,cz7c-1-D68U,F
252950,kP0JRmgKYLU,F
252950,AIBwlSiifdA,T
252950,aSTCqwfK2mw,T
252950,WkjNlNZMnbc,F
252950,oGIiQWXT99g,F
252950,gyW19QgAUH4,F
252950,QZsPOzmDe7c,T
252950,Tr_Fg5PvYyg,F
252950,wCXmmO97Fus,T
252950,h5lwsQ86V70,T
252950,3XlEpq8BJ-k,T
252950,VHuT7q8Mrbs,T
252950,EztXbVlQ-1c,T
252950,FScDDmk7boQ,F
252950,JaC8x9XwRSQ,F
252950,SrbNTdnY5Sk,F
252950,W-Gcp5zKZzY,T
252950,V9HGDptN7Z8,T
271590,kSa8o47aUCY,T
271590,Wh7eOk1YLwE,T
271590,ttgGbxdiVc8,T
271590,fIpJyxfKCRA,T
271590,uY9LLXCBL18,T
271590,jJIBFEjugqY,T
271590,6oQFPmjpTdc,T
271590,3EiqNqhTuCs,T
271590,AVYim9ZuC-M,T
271590,aMNeHa1IbIw,T
271590,Fz1hD5r4dC4,T
271590,TaQH5WlqpIM,T
271590,VaucNUvdXXs,T
271590,QSByEicsJpQ,T
271590,QoSifM7_Elc,T
271590,IPSkBHOI7wo,T
271590,QxBU5wlJRik,T
271590,qKyM-zryZYw,T
271590,2H4OvDpp1mo,T
271590,6nM6CnenMQQ,T
271590,RxbgeU3rW98,T
271590,G1bIPZakJ4E,T
271590,DyqbHjxm2bc,T
271590,_JQZJaU39Ac,T
271590,kixxX77h_VE,T
271590,AJwbYfcoAJc,T
271590,HTVJZ7lIQlA,T
271590,zs7HRNQBH4M,T
271590,0XiI8Dsg8CA,T
271590,g9KfEK2tF_A,T
271590,KwCHsezsY-k,T
271590,l1h4UIMhHJY,T
271590,28DBvglBOAA,T
271590,ohkDGLfJjbk,T
271590,GWO54uwCcK4,T
271590,81ECA08F_M4,T
271590,AnrYkDkWwYs,T
271590,d5IuW_9Dn4k,T
271590,sreUytgIxeU,T
271590,G8TQFc03JZ0,T
271590,pjhMIIdFgcA,T
271590,QWuYoFkOyNc,T
271590,JcFo6GSNgzo,T
271590,gRHLO4_sua4,T
271590,7jGqkzAui8M,T
271590,zFb6pAQYzS8,T
271590,_bupaNvH0Ww,T
271590,DbquEQH_3Nk,T
271590,9_wI6OzkCyQ,T
271590,7P0ZohWswpc,T
271590,yanXuYkzWKc,T
271590,7bpKw4mXK0M,T
271590,yHnmvBW2wbQ,T
271590,0UVPcmf11Ys,T
271590,kt3oKceZK-Q,T
271590,vTGo_rpyB7o,T
271590,i-juixJYHSY,T
271590,C_vccqJbMd8,T
271590,WRGZALs8r-4,T
271590,BXRIxD_-zBQ,T
271590,BQzp0l8lSyY,T
271590,B6KOkl8rw3M,T
271590,fCdF3mghv9o,T
271590,8flz0ZYi1o4,T
271590,gtCc4SBbDN0,T
271590,IACMrNzQ1sg,T
271590,6CUc_qFylug,T
271590,Ctp47o4af_E,T
271590,FSaZImh3iBI,T
271590,f5mHf4Ag6Vw,T
271590,dXEx0g8XRB8,T
271590,XXBllmE7YTY,T
271590,RRB5-TmiTO4,T
271590,tWghsCxYZ7c,T
271590,FQGoEN_tXf4,T
271590,l6WrRngCM4A,T
271590,uc8DbcnpG_A,T
271590,kcpnxG9PHu4,T
271590,0_CyQP1cETY,T
271590,_jl5Pt7tYS4,T
271590,ARVRG3Kph6A,T
271590,Q5Z_aiVf6HM,T
271590,nXNdBgk3xag,T
271590,n2-fE4RPjco,T
271590,jt3aMJ8mLEk,T
271590,Ru-TlSo8q9w,T
271590,V15Q2najbbE,T
271590,Y_7kR9DsvHw,T
271590,ZD9ov05A1v4,T
271590,AHskEg1Jcek,F
271590,SiUjoVW5w2o,T
271590,DRrA2VlC7Qk,T
271590,llRVZAXgg5Q,T
271590,BR9lj5NOQQc,T
271590,Ltl6D-PApRI,T
271590,KLtNrLK2R3Y,T
271590,HyjU3jkvD9w,T
271590,0sdWbvEXw0U,T
271590,2_oj6VMLEy8,T
271590,mGFHaPcqbIY,T
346110,tabCprgNnxg,T
346110,Bw1O5nAGnMw,T
346110,MoXnE44onCw,T
346110,qAtIrF3UOkY,T
346110,cjmYonrFJVE,T
346110,j6-QfFTgb34,T
346110,Cr87KQaLbSw,T
346110,Oyh_0yKYhws,T
346110,5MDU5XcP9rg,T
346110,jwITFzETbNU,T
346110,_VcWE-vLoec,T
346110,yt1TzghEZHE,T
346110,bcFadJZjC7A,T
346110,SfSSAYXc1Us,T
346110,PTpvQKedX9U,T
346110,zzDuIHFEiEw,T
346110,_X_xmSamfu8,T
346110,7pW_Ne782BM,T
346110,qdda5KAzvKE,T
346110,vkbIEWN7eVc,T
346110,4fmEU8_RRgE,T
346110,Wba5x6NSXFc,T
346110,3flbXLIul_o,T
346110,2HrRyARtDS4,T
346110,OIs9mVRVlPM,T
346110,YrOjnlGglDg,T
346110,VguN6ZWdkSE,T
346110,rJgR48a3toI,T
346110,hlkVVdkOclY,T
346110,CMfMjW_z630,T
346110,aqD8MZp8Mmg,T
346110,T9o1_e8dmtw,T
346110,1jTVrsaq3XE,F
346110,fzPCBQEIWq4,T
346110,wUhb3qyW24Q,T
346110,LDMDny4sCYQ,T
346110,oIYhF5i-omw,T
346110,jzEg1jT1UWw,T
346110,Gko3Fo2liss,T
346110,nUC0B2obBsc,T
346110,T9jSEZEQlsQ,T
346110,O5jESEL3US8,T
346110,g0bUU1aNGNs,T
346110,AgRfHv10nZo,T
346110,bSRir_TPV_I,T
346110,6V6lvV-7ca0,T
346110,PYL77LT5Gms,T
346110,9WM2Mquvs4Q,T
346110,llaQaCE668E,T
346110,HgF6bTx0vE4,T
346110,vpnXK19PJ4U,F
346110,LbC4K-dVAPQ,T
346110,S9apj9SVyuI,T
346110,nNM9x0fLbP8,T
346110,NBqG1a72eEA,T
346110,k6Vyf-OaFdQ,T
346110,639SKKbsDtM,T
346110,Z6FDrpWMCI8,F
346110,VtHktVFClJo,T
346110,yb9ZYlONwT4,T
346110,MlzSRZRpv5I,T
346110,_YZdaQ14FfM,T
346110,AerqUUEv5Pw,T
346110,dBlemiQHWLo,T
346110,iyIdkD27cwc,T
346110,H4BpJc-DyyM,T
346110,TXTLu0RcH8w,T
346110,VDCLu9DuvF8,T
346110,d1L82aE4lYU,T
346110,4iAeK4lYViE,T
346110,xGZRe4AP8XE,T
346110,fChhqPqaYd8,T
346110,FNXm-CbeMLA,T
346110,FcH5v-OMOGU,T
346110,OFSgs9Wx2wc,T
346110,ihnIsRLTHNA,T
346110,ZXfI5MF7oDo,T
346110,Du4oVA6Nfqk,T
346110,GwJLUE5lAB0,T
346110,56AXEU018kk,T
346110,bC4MXt7jgro,F
346110,B5zm-DiO0V8,T
346110,gOJcwnVTtUw,T
346110,DjlqbrE2Xdg,F
346110,ezAJjEw3mek,F
346110,-r1Ss307hrE,T
346110,VRwvH__dwiE,T
346110,H3YYsZjCb40,F
346110,KtsyJOV3Xc0,T
346110,HlERjRfCXjw,T
346110,HIJ4yu6XvKY,T
346110,5zBrvpiG_ug,T
346110,Dd48wWDdJNQ,T
346110,mpSnzP47pP4,T
346110,3kk63bbczVY,F
346110,4yRcmInA5QI,T
346110,3x4Xc3dSwoQ,T
346110,mP16Zl-rOek,T
346110,T_KgKEjOLh4,T
346110,ymWggAbYAdw,T
FIFA 16,KeSErF5y1TQ,T
FIFA 16,PnR4g2pFWnM,F
FIFA 16,87AAVCjxjwM,F
FIFA 16,Mu8uTKo9ZCw,T
FIFA 16,Xopn-vnzqY4,T
FIFA 16,KaLFo4Gj7FE,T
FIFA 16,dQNuVna-oJ8,T
FIFA 16,NRHug4Oo7BY,T
FIFA 16,SSmiW7e7yDo,F
FIFA 16,2YvZygTDjNc,T
FIFA 16,bmsW-KTJn4c,T
FIFA 16,19uhop3a0rQ,T
FIFA 16,FtjQXkW7aC0,T
FIFA 16,emsM9zbbdpI,T
FIFA 16,L2zyYkECP60,T
FIFA 16,g7nQbsrEShU,T
FIFA 16,1OfzlwjUylw,T
FIFA 16,xv64DOjJC9U,T
FIFA 16,_PHn29jiXp8,T
FIFA 16,9jYcWuVBuPY,T
FIFA 16,NQQB_xFn8A8,T
FIFA 16,k5NwUywUlcU,T
FIFA 16,8YZ1us_GNXQ,T
FIFA 16,MTcPlYMXNNA,T
FIFA 16,pqble1uj49s,T
FIFA 16,VCtYq6bddEo,T
FIFA 16,7x9fPaTHCYk,T
FIFA 16,XNtZmCOq8Uk,T
FIFA 16,UvKUGdBxlcs,T
FIFA 16,RLJzKpHHpuU,F
FIFA 16,P6dknwKs0xg,T
FIFA 16,g_-lFBMuz4I,T
FIFA 16,fagj-d8ikpU,T
FIFA 16,xuxPFzS1c_g,T
FIFA 16,EQIgYknVMYA,T
FIFA 16,iv3BJYEQ2KI,T
FIFA 16,r7qHFw0JDyo,T
FIFA 16,kpEGX1PjpCc,T
FIFA 16,S_LX7Eu_Xok,T
FIFA 16,RMQfBCy_duo,T
FIFA 16,QQ46nlgGggY,T
FIFA 16,8jQpM0IuMFc,T
FIFA 16,tZNErl__hfo,T
FIFA 16,Jyon1naKswo,T
FIFA 16,npcozDskqfU,T
FIFA 16,h8fqTLaqCFk,T
FIFA 16,5czpEDJZhH0,T
FIFA 16,q6pr6UG0gHI,T
FIFA 16,jUePTD8egdg,T
FIFA 16,kYBTPpiOFNo,T
FIFA 16,mTCKIVnrdKs,T
FIFA 16,DMWZghq6-VQ,T
FIFA 16,DJp-vSH0Bdw,T
FIFA 16,Q4u3ozl59W0,T
FIFA 16,n2F_ri4zMjQ,F
FIFA 16,_Yk9DqS7Zn8,T
FIFA 16,KnICpCJ8TbI,T
FIFA 16,gSccQCcxqvM,T
FIFA 16,8t5cd3rOyuE,T
FIFA 16,UJ8ctDjAADI,T
FIFA 16,DIPCmjhHpLw,T
FIFA 16,uypi6PW33BM,T
FIFA 16,KIKnnmAeC4E,T
FIFA 16,NVXW9X2GRhY,T
FIFA 16,IY8ZD7_TBEU,T
FIFA 16,XI4JAJPUdWk,T
FIFA 16,Zc9dczlOJig,T
FIFA 16,EnlUTStL5iE,T
FIFA 16,jLPBvdcskF8,T
FIFA 16,VRXwOudqtbI,T
FIFA 16,eRLkAtOZMpQ,F
FIFA 16,QMZ4dr2sG7M,T
FIFA 16,DpEaVoM86Ag,T
FIFA 16,fpImmZP50HU,T
FIFA 16,62Blul0jyT0,T
FIFA 16,DPpLorPLD2E,T
FIFA 16,zFEURModnG8,T
FIFA 16,eLgTcD3IMKg,F
FIFA 16,PTOV-Uk8xmo,T
FIFA 16,B4XqfIZkOZc,T
FIFA 16,EVHm5VD-L6A,T
FIFA 16,hxwXcTxvIak,T
FIFA 16,76L1tleb_FU,T
FIFA 16,p3FW1et82y8,T
FIFA 16,vOugJE3m-ts,T
FIFA 16,Ot2nT3KNPIQ,T
FIFA 16,BTyFvJUQFgw,T
FIFA 16,C_njTyi_a28,T
FIFA 16,6Vy3NLeYYak,T
FIFA 16,1sXWUhrfKd4,T
FIFA 16,zDP7SuV7G7I,T
FIFA 16,XZPIJ7x098g,T
FIFA 16,cMlxLZW7yGI,T
FIFA 16,oGr0i8mGdo4,T
FIFA 16,trJCteMpu4E,T
FIFA 16,0Ztw6gz6RJw,T
FIFA 16,0Io10mfaoyw,F
FIFA 16,2786jRF31T4,T
FIFA 16,wLCO9EUAPVk,T
FIFA 16,evg9kqp3XyU,F
FIFA 17,r2JO5fSMtSw,T
FIFA 17,2GJj-g9_MaM,T
FIFA 17,qWUGhGlBb_w,T
FIFA 17,ak7YCX29tTU,T
FIFA 17,4XQMPBXGyzk,T
FIFA 17,18C5V0RUkU0,T
FIFA 17,f99UKtJGR8w,T
FIFA 17,REqYq4OvYQI,T
FIFA 17,YGO2Qw6HfNA,F
FIFA 17,UL58BXAiM60,T
FIFA 17,PK-A5BnuZ4s,T
FIFA 17,Xue-vZeh_7I,T
FIFA 17,f2_12SufKFo,T
FIFA 17,BpC5Q6w06OE,T
FIFA 17,56Chy28wJmU,T
FIFA 17,sxn99m0PDOU,T
FIFA 17,5aPunPdRSRU,T
FIFA 17,NNLT18-UaY4,T
FIFA 17,9ui0xNaeTRE,T
FIFA 17,DmVxTMDEUc0,T
FIFA 17,y5YYNUa2Hvw,T
FIFA 17,jkiZAr6jmRI,T
FIFA 17,TYqEAn6d_gY,T
FIFA 17,igt6RQtId3E,T
FIFA 17,l8AiqXT_DEk,T
FIFA 17,0ufGs1iBhmY,T
FIFA 17,qd4kvxd1Lyc,T
FIFA 17,TmVaxmpl4qg,T
FIFA 17,3BLgZ1YrbX0,T
FIFA 17,bETJFtX44Zg,T
FIFA 17,pAUOBa45pbM,T
FIFA 17,Q-E_lh2kEVs,T
FIFA 17,-7oiKDeV8Kw,F
FIFA 17,mWXH7A3Ia2I,T
FIFA 17,hOEKKPbuCMw,T
FIFA 17,7G13TXvZuY4,T
FIFA 17,2kJG9HnN5Lg,T
FIFA 17,HrejrVIHWu4,T
FIFA 17,nFiDT53uTVw,T
FIFA 17,eJ4HkJfKoKM,T
FIFA 17,JNhvd0VaEyk,T
FIFA 17,fvXHtNuIDPQ,T
FIFA 17,DN9DRpPogD4,T
FIFA 17,Cd8_a5VxzEI,T
FIFA 17,9xEE8wfeOnc,T
FIFA 17,g3D0T8k0_IA,T
FIFA 17,a-OeLA6I7KQ,T
FIFA 17,3HHh4Lc0k60,T
FIFA 17,Z4sLMuPfs70,T
FIFA 17,OGq1_dxhElY,T
FIFA 17,jTPcReSTjDU,T
FIFA 17,fFcM0a4GBN4,T
FIFA 17,8fQhOIfPFwE,T
FIFA 17,MKInP044ztQ,T
FIFA 17,BFmGcxIvF2k,T
FIFA 17,QCI3uoQbcB0,T
FIFA 17,Hrf8ab_jj7Q,T
FIFA 17,GfUHQMMS8wE,T
FIFA 17,RJJNJYkhKqk,T
FIFA 17,3k3HLqaTRX8,T
FIFA 17,W_axrswsaQk,T
FIFA 17,ORZPoBGg_QQ,T
FIFA 17,5u5VCgTuRpQ,T
FIFA 17,JGTEOv1y4vA,T
FIFA 17,Ol1uR1nxjZg,T
FIFA 17,9oEFC8J_u_Q,T
FIFA 17,xMtiF9Ptdwg,T
FIFA 17,Wgynbl1SOmE,T
FIFA 17,DfTgs5S62ps,T
FIFA 17,B0imGQeMVXU,T
FIFA 17,3MSuHataZq4,T
FIFA 17,HbvZ9nyLjD0,T
FIFA 17,VCRYkb0yhc4,T
FIFA 17,sMqYqivxLLE,T
FIFA 17,KWfksaS_Kx0,T
FIFA 17,TJ4Q0bEYuNY,T
FIFA 17,ZBkA2jihv8s,T
FIFA 17,NRSGqiMdcRo,T
FIFA 17,pVm2KdUSZ7k,T
FIFA 17,hVAfoeS4Ru4,T
FIFA 17,lHz9yRW4wqE,T
FIFA 17,3Exdz1kCmbI,T
FIFA 17,LyBddtoJcko,T
FIFA 17,COUszI-OOKM,T
FIFA 17,ye70ys8lvXI,T
FIFA 17,OB97Mc8bgVc,T
FIFA 17,rciWR7emOWg,F
FIFA 17,NvDbT2Sq6hs,T
FIFA 17,SE5d0bNmi8Y,T
FIFA 17,Zrkz0aHaF0A,T
FIFA 17,efzZT_5dl8Y,T
FIFA 17,q5m6jr-LYwA,T
FIFA 17,HAVbEpSPa4I,T
FIFA 17,Ao907CF2IT4,T
FIFA 17,Dvx6RkTmv40,T
FIFA 17,vED22t_QLuc,T
FIFA 17,mOnfo-JGto0,F
FIFA 17,TQohc7FkyUg,T
FIFA 17,D6mZvkIyFEs,T
FIFA 17,cGx9ppasM0E,T
NHL 16,B6Nepk1Fy6U,T
NHL 16,MUlvIIMMPqw,T
NHL 16,kr6TK2SO_ho,T
NHL 16,6j3EZK4Vf1w,T
NHL 16,1PCHUxH5VcQ,T
NHL 16,hSnaPUnAp0E,T
NHL 16,YaKdv4aJ18o,T
NHL 16,phIIz0_Wq74,T
NHL 16,QgNbUbBjXfI,T
NHL 16,N8-1Svt4RAQ,T
NHL 16,Allw0C_olHc,T
NHL 16,CPZCnsOTdTc,T
NHL 16,TsMpAkuOtjI,T
NHL 16,g24YUjnBUVA,T
NHL 16,1ocjFjTUXxk,T
NHL 16,FV19zzAScIg,T
NHL 16,Xw9zX7lVwQY,T
NHL 16,sax-0Ks0O9o,T
NHL 16,ulAICmhW2pE,T
NHL 16,RmOaeLYmNEY,T
NHL 16,8rn7urPDTEg,T
NHL 16,ZdMPzEqGdso,T
NHL 16,xU7Ktxv5WBA,T
NHL 16,5eixlL6y1kM,T
NHL 16,HzEWFNylPoY,T
NHL 16,4cWFmZO3-xA,T
NHL 16,8qagYhOqouE,T
NHL 16,xB6-HD732oo,T
NHL 16,cYSXoTxfHQ0,T
NHL 16,VIFmPQI_PkY,T
NHL 16,aF6gZqxr4mA,T
NHL 16,mneIg5HK2Tk,T
NHL 16,uOFhiKmx0mo,T
NHL 16,L9emDDAHT7o,T
NHL 16,5kALbfsQeIY,T
NHL 16,Qkepn7SKFMw,T
NHL 16,hpJ3-xdSA6Q,T
NHL 16,mL89XTaoiEE,T
NHL 16,ze234u6yfR0,T
NHL 16,t2nTCSUCqE0,T
NHL 16,CKI8xDGfH-I,T
NHL 16,9V9nQydKe4U,T
NHL 16,_0eYjmL4N6k,T
NHL 16,_spNGm6WcwI,T
NHL 16,D8ujBCkc2z4,T
NHL 16,oWk0-Dp4ogQ,F
NHL 16,JHHMriNf72I,T
NHL 16,Xf9jm2gk8sc,T
NHL 16,VX0cmxZWcxk,T
NHL 16,2c9ieOnv69k,T
NHL 16,w7JOwBD8CLM,T
NHL 16,_0mXtKnXMMY,T
NHL 16,BNp929IUMOo,T
NHL 16,cUEe2I3-Viw,T
NHL 16,gtT_YkKIGlQ,T
NHL 16,Qqa0s3l3wD0,T
NHL 16,icno2mebZks,T
NHL 16,67zkNsoacYk,T
NHL 16,ODjpd8AgBZI,T
NHL 16,FJ8e-lwgC6o,T
NHL 16,04t5tHfDq5A,T
NHL 16,FZsntozVuF8,T
NHL 16,PscVxGuWxiA,T
NHL 16,e8lovNxUwT8,T
NHL 16,6_Wr9Gt5Woo,T
NHL 16,eAu1v-3nVqQ,T
NHL 16,9bS7WwLYfgw,T
NHL 16,lBwbQN0dLjI,T
NHL 16,RWOCF3GQsBA,T
NHL 16,blH8dFEz7ms,T
NHL 16,Dg8PGt-ecrc,T
NHL 16,BeQf-_m5M-A,T
NHL 16,WDZCJyA4HEY,T
NHL 16,e1G5ynarTnI,T
NHL 16,sP4FAayonaE,T
NHL 16,i9PgxdIElgE,T
NHL 16,oOmmrXw_xec,T
NHL 16,czVCqHRmkcw,T
NHL 16,SIGG-dlw5fU,T
NHL 16,PLVWBbhgrB8,T
NHL 16,qh1bnGvi5GU,F
NHL 16,chrgFu8AzRM,F
NHL 16,08CSUOEUCn4,T
NHL 16,57bRWllD8No,T
NHL 16,vXg7QWr8vcI,T
NHL 16,e58j5ZN08EU,F
NHL 16,MaX0n2M-KHU,T
NHL 16,FVJeh6nuz6A,T
NHL 16,2rG5LTGT9Gw,T
NHL 16,sxwfxfIYjMU,F
NHL 16,iCCm7cXLwE0,F
NHL 16,jAspTeK9xPI,F
NHL 16,nzGH8ok_nLk,T
NHL 16,lMBHC6_7ID8,F
NHL 16,c_kceu7LAVc,T
NHL 16,pUxojmEwNdY,T
NHL 16,yl_DtP4yap8,F
NHL 16,4yOXE12p-L8,T
NHL 16,umkNQf76m1o,T
NHL 16,NUOfiNJqXXM,F
NHL 17,rXqJ2UmKBnU,T
NHL 17,_-HH3zoJ5R8,T
NHL 17,O2utUv3XXUw,T
NHL 17,rmtIeULVkkA,T
NHL 17,Vvuv3Y8yiUQ,T
NHL 17,J3Pne5n4NAs,T
NHL 17,UtlMIZjdjLw,T
NHL 17,FCYk0I1Hf8w,T
NHL 17,qwd_gy072Zk,T
NHL 17,UcAS_3pkaJ8,T
NHL 17,7tLMiZfyQPk,T
NHL 17,6-0RFh1bN8c,T
NHL 17,HqlZrSg0rzk,T
NHL 17,zvHxFnxFbgE,T
NHL 17,rszzKU0_CHk,T
NHL 17,w2yvgiarv84,T
NHL 17,NiQoz-BWj1E,T
NHL 17,tF3Hueig4ok,T
NHL 17,MiWes7dyIKA,T
NHL 17,MOFFICcUohY,T
NHL 17,Xrr1olsDOG8,T
NHL 17,6_4hXJ_UzdY,T
NHL 17,0qRJ_MNaA4o,T
NHL 17,zNMK8A47Vhc,T
NHL 17,eq1-s7Do2MQ,T
NHL 17,MqI-GgXA9wI,T
NHL 17,X0OgHCyJqeA,T
NHL 17,RhFDn2fIRB8,T
NHL 17,aCG06OjY70o,T
NHL 17,cXzAcJUL3Q0,T
NHL 17,xljtJtF7wTs,T
NHL 17,8vSxrQPtdjQ,T
NHL 17,RZb3O9cFQrw,T
NHL 17,_r7Wki4kWXw,T
NHL 17,As6x6iEhha4,T
NHL 17,Ef1ivEbKemI,T
NHL 17,MvtZdrzh0Pk,T
NHL 17,Bm2pOLa4EUU,T
NHL 17,do9JnZBFl5E,T
NHL 17,xe0EBv1Hnf4,T
NHL 17,cXtPvyJB8Is,T
NHL 17,JfOH7QhQgTw,T
NHL 17,QNHvglUEmvw,T
NHL 17,LfQckHE_8ho,T
NHL 17,yBjGoFuldOc,T
NHL 17,m5sbMfHYzJM,T
NHL 17,f1nhB6NQuCM,T
NHL 17,DPS8DPz_CRg,T
NHL 17,f4kwG0C5bk0,T
NHL 17,toX7R_eyjKs,T
NHL 17,rs2tmow-IKU,T
NHL 17,dHI92WvVUBM,T
NHL 17,cK77hm0CZ1I,T
NHL 17,OajJv5XXq2Y,T
NHL 17,E6FWrcBBGBc,T
NHL 17,UFF-M66d4zI,T
NHL 17,yhp-O9Fwr6g,T
NHL 17,fSRzXulqExc,T
NHL 17,U_b7jktjJ6E,T
NHL 17,WHqmcCh1HXw,T
NHL 17,LSqahSiWsIY,T
NHL 17,fM2V6JD6BKQ,T
NHL 17,ubvkI4w3nEY,T
NHL 17,wymZcMQeHrc,T
NHL 17,uyxMOvIGHqs,T
NHL 17,ytbvkhnmNtE,T
NHL 17,fFMGl89iQdQ,T
NHL 17,IKMEHszQtCk,T
NHL 17,AhHAam07fZY,T
NHL 17,26NLlC-v7fc,T
NHL 17,RmCHfHmRLmY,T
NHL 17,ux6nihCFGd4,T
NHL 17,fo80Qv3Hjlk,T
NHL 17,bjW8CTUUK-A,F
NHL 17,RfH5ekyDZ70,T
NHL 17,nKrrTCcLLPU,T
NHL 17,0ABGXbpGygQ,T
NHL 17,pGLB4Hqq40Q,T
NHL 17,2KQalP1ML3Y,F
NHL 17,baCyLHgF4uQ,T
NHL 17,2pEBqs-unIs,T
NHL 17,NAgbO8aJN8w,F
NHL 17,is2WWEWTTQg,T
NHL 17,fatnijxbfYY,T
NHL 17,H9u16gA7qMs,T
NHL 17,mGuwqCWRqHw,F
NHL 17,BpfgHqSL1Y8,T
NHL 17,uqNCYh1hBsA,F
NHL 17,pE_dE3rCDYA,F
NHL 17,bjXXR1pmVXA,T
NHL 17,cYCnkIl2B3E,F
NHL 17,oxEbgVkNxOk,T
NHL 17,BNjHbTrG-Dk,F
NHL 17,YXZh37C68Os,F
NHL 17,J-Xis6S66fA,T
NHL 17,x6bIG1J_3YM,F
NHL 17,hZUbDg8VMBc,F
NHL 17,JzXl2AY_oRo,T
NHL 17,4fkRO9Mz5GQ,T
NHL 17,_QX0Pdz2KKc,T